<?xml version="1.0"?>
<!-- ==============================================================================
   Messaging Configuration
  ============================================================================== -->
<messaging-config
  xmlns="http://guidewire.com/messaging-config"
  defaultServer="#messaging">
  <messaging>
    <destination
      id="80"
      initialretryinterval="100"
      internal="true"
      name="Java.MessageDestination.ContactAutoSyncFailure.Name"
      transportplugin="autoSyncFailureTransport">
      <event
        name="ContactAutoSyncFailed"/>
    </destination>
    <destination
      id="67"
      internal="true"
      maxretries="5"
      name="Java.MessageDestination.Metro.Name"
      requestplugin="metroRequest"
      transportplugin="metroTransport">
      <event
        name="MetroReportAdded"/>
      <event
        name="MetroReportChanged"/>
    </destination>
    <destination
      disabled="true"
      id="111"
      initialretryinterval="100"
      internal="true"
      maxretries="20"
      name="Java.MessageDestination.JMSMessageTransport.Name"
      replyplugin="jmsReply"
      transportplugin="jmsTransport">
      <event
        name="NoteAdded"/>
    </destination>
    <destination
      disabled="true"
      id="68"
      initialretryinterval="100"
      internal="true"
      name="Java.MessageDestination.ConsoleMessageLogger.Name"
      transportplugin="consoleTransport">
      <event
        name="\w*"/>
    </destination>
    <destination
      id="65"
      initialretryinterval="500"
      internal="true"
      maxretries="5"
      name="Java.MessageDestination.Email.Name"
      transportplugin="emailMessageTransport"/>
    <destination
      disabled="true"
      id="66"
      initialretryinterval="500"
      internal="true"
      maxretries="5"
      name="Java.MessageDestination.ISO.Name"
      replyplugin="IISOReplyPlugin"
      transportplugin="isoTransport">
      <event
        name="ExposureAdded"/>
      <event
        name="ExposureValid"/>
      <event
        name="ExposureChanged"/>
      <event
        name="ClaimValid"/>
      <event
        name="ClaimChanged"/>
      <event
        name="ClaimResync"/>
      <event
        name="PolicyChanged"/>
      <event
        name="ClaimContactContactChanged"/>
      <event
        name="ClaimContactRoleAdded"/>
      <event
        name="ClaimContactRoleChanged"/>
      <event
        name="ClaimContactRoleRemoved"/>
    </destination>
    <destination
      disabled="true"
      id="69"
      internal="true"
      name="Java.MessageDestination.PolicySystemNotification.Name"
      transportplugin="policySystemNotificationTransport">
      <event
        name="ClaimExceedsLargeLoss"/>
      <event
        name="ClaimResync"/>
    </destination>
    <!-- Message destination 324 is referenced in the DocumentsActionsUIHelper to determine whether the documentStoreTransport
    is suspended or not. -->
    <destination
      disabled="false"
      id="324"
      internal="true"
      name="Java.MessageDestination.DocumentStore.Name"
      transportplugin="documentStoreTransport">
      <event
        name="DocumentStore"/>
    </destination>
    <destination
      id="99"
      internal="true"
      name="Java.MessageDestination.ContactMessageTransport.Name"
      primaryentity="Contact"
      requestplugin="ContactMessageRequest"
      transportplugin="ContactMessageTransport">
      <event
        name="ContactAdded"/>
      <event
        name="ContactChanged"/>
      <event
        name="ContactRemoved"/>
      <event
        name="ContactUpdatedInAB"/>
      <event
        name="ContactTagsUpdated"/>
      <event
        name="ClaimContactRemoved"/>
    </destination>
    <destination
      id="70"
      internal="true"
      name="Java.MessageDestination.SolrMessageTransport.ClaimContact.Name"
      transportplugin="ISolrMessageTransportPlugin">
      <event
        name="ClaimAdded"/>
      <event
        name="ClaimChanged"/>
      <event
        name="ClaimRemoved"/>
      <event
        name="ClaimPurged"/>
      <event
        name="ClaimContactAdded"/>
      <event
        name="ClaimContactContactChanged"/>
      <event
        name="ClaimContactRemoved"/>
      <event
        name="ClaimContactRoleAdded"/>
      <event
        name="ClaimContactRoleChanged"/>
      <event
        name="ClaimContactRoleRemoved"/>
      <event
        name="ClaimInfoChanged"/>
      <event
        name="ClaimInfoPurged"/>
    </destination>
    <destination
      id="58"
      name="HiMarleyAssyncCall"
      transportplugin="HiMarleyAssyncTransPlug_Acc">
      <event
        name="ClaimChanged"/>
    </destination>
  </messaging>
</messaging-config>