{
  "$schema": "http://json-schema.org/draft-04/schema#",
  "definitions" : {
	"UserOptIn": {
      "type": "object",
		"additionalProperties": {
			"type": "string"
		},
		"required": [
			"mobile",
			"id"
		],
      "properties": {
			"id": {
				"type": "string"
				},
			"first": {
				"type": "string"
			},
			"last": {
				"type": "string"
			},
			"email": {
				"type": "string"
			},
			"mobile": {
				"type": "string"
			}
		}
    },	
	
    "RetResponse": {
	"type": "object",
		"additionalProperties": {
			"type": "string"
		},
	"properties": {
		"response" : {
			"type": "string"
		}
	}
    }
  
 }
}