<?xml version="1.0"?>
<Properties
  xmlns="http://guidewire.com/psc/properties">

  <Property>
    <Group>himarley_Acc</Group>
    <Name>HiMarley.Endpoint.Url.OptStatus</Name>
    <Description>Hi Marley Opt Status API</Description>
    <Value>actions/status/id/</Value>
  </Property>

  <Property>
    <Group>himarley_Acc</Group>
    <Name>HiMarley.Endpoint.Url</Name>
    <Description>Hi Marley API URL</Description>
    <Value>https://integration.uat.marley.ai/api/case/</Value>
  </Property>

  <Property>
    <Group>himarley_Acc</Group>
    <Name>HiMarley.Endpoint.Url.CloseCase</Name>
    <Description>Hi Marley Close Case API</Description>
    <Value>actions/close/</Value>
  </Property>

  <Property>
    <Group>himarley_Acc</Group>
    <Name>HiMarley.Endpoint.Url.OpenCase</Name>
    <Description>Hi Marley Open Case API</Description>
    <Value>actions/open</Value>
  </Property>

  <Property>
    <Group>himarley_Acc</Group>
    <Name>HiMarley.Endpoint.Url.ReOpenCase</Name>
    <Description>Hi Marley ReOpen Case API</Description>
    <Value>actions/reopen/</Value>
  </Property>

  <Property>
    <Group>himarley_Acc</Group>
    <Name>HiMarley.Endpoint.Url.ReSendWelcomeMessage</Name>
    <Description>Hi Marley ReSend Welcome Message API</Description>
    <Value>actions/resend-welcome/</Value>
  </Property>

  <Property>
    <Group>himarley_Acc</Group>
    <Name>HiMarley.Endpoint.Url.DownloadScript</Name>
    <Description>Hi Marley Download Case API</Description>
    <Value>actions/download/</Value>
  </Property>

  <Property>
    <Group>himarley_Acc</Group>
    <Name>HiMarley.Endpoint.Url.PushTranscript</Name>
    <Description>Hi Marley push transcript Case API</Description>
    <Value>actions/push-transcript/</Value>
  </Property>

  <Property>
    <Group>himarley_Acc</Group>
    <Name>HiMarley.Texting.RegisteredUserEmail</Name>
    <Description>Hi Marley registered user email</Description>
    <Value>mohammad-reza.ali@capgemini.com</Value>
  </Property>

  <Property>
    <Group>himarley_Acc</Group>
    <Name>HiMarley.Texting.URL</Name>
    <Description>Hi Marley Texting Case API URL</Description>
    <Value>https://chat.uat.marley.ai/chats/</Value>
  </Property>

  <Property>
    <Group>himarley_Acc</Group>
    <Name>HiMarley.FlagFeature.SendBrand</Name>
    <Description>Hi Marley send brand flag feature</Description>
    <Value>true</Value>
  </Property>

  <Property>
    <Group>himarley_Acc</Group>
    <Name>HiMarley.FlagFeature.BrandingOverride</Name>
    <Description>Hi Marley branding override flag feature</Description>
    <Value>false</Value>
  </Property>

  <Property>
    <Group>himarley_Acc</Group>
    <Name>HiMarley.FlagFeature.BrandToBeOverwritten</Name>
    <Description>Hi Marley brand to be overwritten flag feature</Description>
    <Value>Lovable Insurance</Value>
  </Property>

  <Property>
    <Group>himarley_Acc</Group>
    <Name>HiMarley.Endpoint.Url.CellPhonePreExist</Name>
    <Description>Hi Marley cell phone check Case API</Description>
    <Value>https://integration.uat.marley.ai/api/user/mobile/</Value>
  </Property>

  <Property>
    <Group>himarley_Acc</Group>
    <Name>HiMarley.Endpoint.Url.User</Name>
    <Description>Hi Marley User API URL</Description>
    <Value>https://integration.uat.marley.ai/api/user/</Value>
  </Property>

  <Property>
    <Group>himarley_Acc</Group>
    <Name>HiMarley.Endpoint.Url.SMSRequest</Name>
    <Description>Hi Marley Sms Request Case API</Description>
    <Value>actions/send-template-message/new_message</Value>
  </Property>

  <Property>
    <Group>himarley_Acc</Group>
    <Name>HiMarley.Endpoint.Url.OptOut</Name>
    <Description>Hi Marley Opt Out Case API</Description>
    <Value>actions/optout/id/</Value>
  </Property>

  <Property>
    <Group>himarley_Acc</Group>
    <Name>HiMarley.Endpoint.Url.OptIn</Name>
    <Description>Hi Marley Opt In Case API</Description>
    <Value>actions/optin/id/</Value>
  </Property>

  <Property>
    <Group>himarley_Acc</Group>
    <Name>HiMarley.Endpoint.Url.User.CreateOperator</Name>
    <Description>Hi Marley Create Operator API</Description>
    <Value>actions/create-operator</Value>
  </Property>

  <Property>
    <Group>himarley_Acc</Group>
    <Name>HiMarley.Endpoint.Url.User.AssignOperator</Name>
    <Description>Hi Marley Assign Operator API</Description>
    <Value>actions/assign/</Value>
  </Property>

  <Property>
    <Group>himarley_Acc</Group>
    <Name>HiMarley.Endpoint.Url.User.IsOperatorExist</Name>
    <Description>Hi Marley Is Operator Exists API</Description>
    <Value>email/</Value>
  </Property>

  <Property>
    <Group>himarley_Acc</Group>
    <Name>HiMarley.Endpoint.Url.OptStatusByMobile</Name>
    <Description>Hi Marley Opt Status By Mobile API</Description>
    <Value>actions/status/mobile/</Value>
  </Property>

  <Property>
    <Group>himarley_Acc</Group>
    <Name>HiMarley.TranscriptDocument.Location</Name>
    <Description>Hi Marley Location for FTP Transcript Download</Description>
    <Value>C:/tmp/himarleydocs/</Value>
  </Property>



</Properties>